|Date of Transaction|amount|Select Type|Method|Notes|res_id|submission_date
1|2023-11-21|-260.0|Other (specify)||Move out balance|14|2023-08-13 12:00:00
2|2023-11-06|-350.0|Rent payment|Cash||14|2023-08-13 12:00:00
3|2023-10-01|-700.0|Rent payment|Check|#5 Lynn Hansen|14|2023-08-13 12:00:00
4|2023-09-01|-600.0|Other (specify)||Ron Noel credit|14|2023-08-13 12:00:00
5|2023-09-01|-376.0|Rent payment|Check|430 Promontory ward|14|2023-08-13 12:00:00
6|2023-11-20|-400.0|Rent payment|Cash App||67|2023-08-13 12:00:00
7|2023-11-10|-500.0|Rent payment|Cash App||67|2023-08-13 12:00:00
8|2023-10-14|-400.0|Rent payment|Cash App||67|2023-08-13 12:00:00
9|2023-09-28|-500.0|Rent payment|Cash App||67|2023-08-13 12:00:00
10|2023-09-14|-450.0|Rent payment|Cash App||67|2023-08-13 12:00:00
11|2023-08-31|-450.0|Rent payment|Cash App||67|2023-08-13 12:00:00
12|2023-08-03|-900.0|Rent payment|Cash App||67|2023-08-13 12:00:00
13|2023-07-06|-900.0|Rent payment|Cash App||67|2023-08-13 12:00:00
14|2023-05-30|-900.0|Rent payment|Cash App||67|2023-08-13 12:00:00
15|2023-11-20|-175.0|Rent payment|Cash App||72|2023-08-13 12:00:00
16|2023-11-02|-175.0|Rent payment|Cash App||72|2023-08-13 12:00:00
17|2023-10-26|-175.0|Rent payment|Cash App||72|2023-08-13 12:00:00
18|2023-10-02|-175.0|Rent payment|Cash App||72|2023-08-13 12:00:00
19|2023-09-16|-175.0|Rent payment|Cash App||72|2023-08-13 12:00:00
20|2023-08-30|-175.0|Rent payment|Cash App||72|2023-08-13 12:00:00
21|2023-08-14|-175.0|Rent payment|Cash App||72|2023-08-13 12:00:00
22|2023-07-23|-175.0|Rent payment|Cash App||72|2023-08-13 12:00:00
23|2023-07-01|-175.0|Rent payment|Cash App||72|2023-08-13 12:00:00
24|2023-06-16|-180.0|Rent payment|Cash App||72|2023-08-13 12:00:00
25|2023-06-06|-170.0|Rent payment|Cash App||72|2023-08-13 12:00:00
26|2023-05-10|-200.0|Other (specify)|||72|2023-08-13 12:00:00
27|2023-05-10|-50.0|Rent payment|Cash App||72|2023-08-13 12:00:00
28|2023-05-04|-200.0|Rent payment|Cash App||72|2023-08-13 12:00:00
29|2023-11-20|-400.0|Rent payment|Venmo||16|2023-08-13 12:00:00
30|2023-11-06|-200.0|Rent payment|Venmo|Dustin |16|2023-08-13 12:00:00
31|2023-10-20|-400.0|Rent payment|Venmo||16|2023-08-13 12:00:00
32|2023-10-06|-350.0|Rent payment|Venmo||16|2023-08-13 12:00:00
33|2023-09-24|-350.0|Rent payment|Venmo||16|2023-08-13 12:00:00
34|2023-09-08|-637.0|Other (specify)|||16|2023-08-13 12:00:00
35|2023-09-08|-350.0|Rent payment|Venmo||16|2023-08-13 12:00:00
36|2023-11-17|-235.0|Rent payment|Cash||73|2023-08-13 12:00:00
37|2023-11-07|-365.0|Rent payment|ACH|HC|73|2023-08-13 12:00:00
38|2023-11-07|-235.0|Rent payment|Cash||73|2023-08-13 12:00:00
39|2023-10-01|-365.0|Rent payment|ACH|HC|73|2023-08-13 12:00:00
40|2023-10-01|-235.0|Rent payment|Cash||73|2023-08-13 12:00:00
41|2023-09-08|-360.0|Other (specify)|||73|2023-08-13 12:00:00
42|2023-09-01|-240.0|Rent payment|Cash||73|2023-08-13 12:00:00
43|2023-08-04|-365.0|Rent payment|ACH|HC|73|2023-08-13 12:00:00
44|2023-08-04|-235.0|Rent payment|Cash||73|2023-08-13 12:00:00
45|2023-07-07|-89.0|Rent payment|Cash||73|2023-08-13 12:00:00
46|2023-07-01|-365.0|Rent payment|ACH||73|2023-08-13 12:00:00
47|2023-06-06|-365.0|Rent payment|ACH||73|2023-08-13 12:00:00
48|2023-05-16|-621.0|Rent payment|ACH|Housing Connect |73|2023-08-13 12:00:00
49|2023-05-03|-360.0|Rent payment|Cash||73|2023-08-13 12:00:00
50|2023-11-16|-350.0|Rent payment|Cash||61|2023-08-13 12:00:00
51|2023-11-08|-350.0|Rent payment|Cash||61|2023-08-13 12:00:00
52|2023-10-25|-350.0|Rent payment|Cash||61|2023-08-13 12:00:00
53|2023-10-05|-175.0|Rent payment|Venmo||61|2023-08-13 12:00:00
54|2023-09-27|-525.0|Rent payment|Venmo||61|2023-08-13 12:00:00
55|2023-09-08|350.0|Other (specify)|||61|2023-08-13 12:00:00
56|2023-09-08|-350.0|Rent payment|Venmo||61|2023-08-13 12:00:00
57|2023-08-29|-350.0|Rent payment|Cash||61|2023-08-13 12:00:00
58|2023-08-16|-200.0|Rent payment|Cash||61|2023-08-13 12:00:00
59|2023-08-08|-500.0|Rent payment|Cash||61|2023-08-13 12:00:00
60|2023-07-18|-350.0|Rent payment|Cash||61|2023-08-13 12:00:00
61|2023-07-04|-350.0|Rent payment|Cash||61|2023-08-13 12:00:00
62|2023-06-15|-350.0|Rent payment|Cash App||61|2023-08-13 12:00:00
63|2023-06-01|-350.0|Rent payment|Cash App||61|2023-08-13 12:00:00
64|2023-05-19|-350.0|Rent payment|Cash App||61|2023-08-13 12:00:00
65|2023-05-04|-350.0|Rent payment|Cash App||61|2023-08-13 12:00:00
66|2023-11-16|-400.0|Rent payment|Other (specify)|Zelle|69|2023-08-13 12:00:00
67|2023-11-08|-500.0|Rent payment|Other (specify)|Zelle|69|2023-08-13 12:00:00
68|2023-10-14|-150.0|Rent payment|Other (specify)|Zelle|69|2023-08-13 12:00:00
69|2023-10-04|-800.0|Other (specify)||Balance Fix|69|2023-08-13 12:00:00
70|2023-09-29|-400.0|Rent payment|Other (specify)|Zelle|69|2023-08-13 12:00:00
71|2023-09-22|-500.0|Rent payment|Other (specify)|Zelle|69|2023-08-13 12:00:00
72|2023-08-30|-100.0|Rent payment|Cash App|Tracy sent |69|2023-08-13 12:00:00
73|2023-07-29|-900.0|Rent payment|Other (specify)|Zelle|69|2023-08-13 12:00:00
74|2023-07-05|-770.0|Rent payment|Other (specify)|Zelle|69|2023-08-13 12:00:00
75|2023-07-04|-130.0|Other (specify)|||69|2023-08-13 12:00:00
76|2023-06-01|-900.0|Rent payment|Venmo||69|2023-08-13 12:00:00
77|2023-11-15|-600.0|Rent payment|Cash||13|2023-08-13 12:00:00
78|2023-10-31|-600.0|Rent payment|Cash||13|2023-08-13 12:00:00
79|2023-10-20|-300.0|Rent payment|Cash||13|2023-08-13 12:00:00
80|2023-10-20|-300.0|Rent payment|Cash||13|2023-08-13 12:00:00
81|2023-10-01|-120.0|Rent payment|Cash||13|2023-08-13 12:00:00
82|2023-09-13|-300.0|Rent payment|Cash||13|2023-08-13 12:00:00
83|2023-09-06|-100.0|Rent payment|Cash||13|2023-08-13 12:00:00
84|2023-08-28|-600.0|Rent payment|Cash||13|2023-08-13 12:00:00
85|2023-11-15|-200.0|Rent payment|Other (specify)|Zelle|68|2023-08-13 12:00:00
86|2023-11-08|-9323.0|Other (specify)||Readmission|68|2023-08-13 12:00:00
87|2023-11-08|-325.0|Rent payment|Other (specify)|Zelle|68|2023-08-13 12:00:00
88|2023-11-14|-900.0|Rent payment|Venmo||57|2023-08-13 12:00:00
89|2023-10-08|-900.0|Rent payment|Venmo||57|2023-08-13 12:00:00
90|2023-09-06|-900.0|Rent payment|Cash||57|2023-08-13 12:00:00
91|2023-08-04|-900.0|Rent payment|Cash||57|2023-08-13 12:00:00
92|2023-07-07|-900.0|Rent payment|Cash||57|2023-08-13 12:00:00
93|2023-06-07|-900.0|Rent payment|Cash||57|2023-08-13 12:00:00
94|2023-05-12|-900.0|Rent payment|Cash||57|2023-08-13 12:00:00
95|2023-11-10|-20.0|Other (specify)||Cash for work|32|2023-08-13 12:00:00
96|2023-11-10|-155.0|Other (specify)||D street|32|2023-08-13 12:00:00
97|2023-11-08|40.0|Other (specify)||Loan|32|2023-08-13 12:00:00
98|2023-11-06|-150.0|Other (specify)||Yard work|32|2023-08-13 12:00:00
99|2023-11-04|-360.0|Other (specify)||Yard work|32|2023-08-13 12:00:00
100|2023-10-15|-150.0|Rent payment|Cash||32|2023-08-13 12:00:00
101|2023-09-26|750.0|Other (specify)||HM Rent Adjustment|32|2023-08-13 12:00:00
102|2023-09-26|-67.0|Other (specify)||8 x 8.33|32|2023-08-13 12:00:00
103|2023-09-18|-700.0|Rent payment|Cash||32|2023-08-13 12:00:00
104|2023-08-21|-350.0|Rent payment|Cash||32|2023-08-13 12:00:00
105|2023-08-07|-350.0|Rent payment|Cash||32|2023-08-13 12:00:00
106|2023-07-07|-350.0|Rent payment|Cash||32|2023-08-13 12:00:00
107|2023-06-26|-350.0|Rent payment|Cash||32|2023-08-13 12:00:00
108|2023-06-05|-677.0|Rent payment|Cash||32|2023-08-13 12:00:00
109|2023-05-05|-800.0|Rent payment|Cash||32|2023-08-13 12:00:00
110|2023-11-08|-534.0|Other (specify)||Move out balance|6|2023-08-13 12:00:00
111|2023-10-04|-480.0|Rent payment|Cash||6|2023-08-13 12:00:00
112|2023-10-03|-300.0|Rent payment|Cash|Balance 477 |6|2023-08-13 12:00:00
113|2023-11-01|100.0|Other (specify)||New rent|2|2023-08-13 12:00:00
114|2023-11-08|-520.0|Rent payment|Cash||2|2023-08-13 12:00:00
115|2023-10-15|-800.0|Rent payment|Cash||2|2023-08-13 12:00:00
116|2023-11-04|-1259.68|Other (specify)||Move out balance|1|2023-08-13 12:00:00
117|2023-11-04|-800.0|Rent payment|Check|419782|1|2023-08-13 12:00:00
118|2023-11-09|-250.0|Rent payment|Venmo||60|2023-08-13 12:00:00
119|2023-11-02|-250.0|Rent payment|Venmo||60|2023-08-13 12:00:00
120|2023-10-05|-250.0|Rent payment|Venmo||60|2023-08-13 12:00:00
121|2023-09-28|-250.0|Rent payment|Venmo||60|2023-08-13 12:00:00
122|2023-08-31|-450.0|Rent payment|Venmo||60|2023-08-13 12:00:00
123|2023-07-29|-450.0|Rent payment|Venmo||60|2023-08-13 12:00:00
124|2023-07-06|-225.0|Rent payment|Venmo||60|2023-08-13 12:00:00
125|2023-06-29|-225.0|Rent payment|Venmo||60|2023-08-13 12:00:00
126|2023-06-07|-250.0|Rent payment|Venmo||60|2023-08-13 12:00:00
127|2023-06-01|-200.0|Rent payment|Venmo||60|2023-08-13 12:00:00
128|2023-05-11|-150.0|Rent payment|Venmo||60|2023-08-13 12:00:00
129|2023-05-03|-300.0|Rent payment|Venmo||60|2023-08-13 12:00:00
130|2023-11-08|-800.0|Rent payment|Check|0919|66|2023-08-13 12:00:00
131|2023-10-04|-214.0|Other (specify)||Balance Fix|66|2023-08-13 12:00:00
132|2023-10-02|-500.0|Rent payment|Cash||66|2023-08-13 12:00:00
133|2023-09-11|-50.0|Rent payment|Cash||66|2023-08-13 12:00:00
134|2023-09-11|-400.0|Rent payment|Cash||66|2023-08-13 12:00:00
135|2023-09-04|-300.0|Rent payment|Cash||66|2023-08-13 12:00:00
136|2023-08-14|-120.0|Rent payment|Cash||66|2023-08-13 12:00:00
137|2023-08-07|-520.0|Rent payment|Cash||66|2023-08-13 12:00:00
138|2023-07-11|-150.0|Rent payment|Cash||66|2023-08-13 12:00:00
139|2023-07-07|-160.0|Rent payment|Cash||66|2023-08-13 12:00:00
140|2023-07-07|-400.0|Rent payment|Cash||66|2023-08-13 12:00:00
141|2023-06-19|-225.0|Rent payment|Cash||66|2023-08-13 12:00:00
142|2023-06-05|-400.0|Rent payment|Cash||66|2023-08-13 12:00:00
143|2023-05-30|-700.0|Other (specify)||Removing extra month charged|66|2023-08-13 12:00:00
144|2023-05-16|-423.0|Rent payment|Money Order|19-504627288|66|2023-08-13 12:00:00
145|2023-05-05|-500.0|Rent payment|Money Order||66|2023-08-13 12:00:00
146|2023-05-03|-6838.0|Other (specify)||Readmission|66|2023-08-13 12:00:00
147|2023-11-07|-662.0|Rent payment|Check|HC|79|2023-08-13 12:00:00
148|2023-10-01|-662.0|Rent payment|ACH|HC|79|2023-08-13 12:00:00
149|2023-09-03|280.0|Other (specify)||Rent change|79|2023-08-13 12:00:00
150|2023-09-03|-662.0|Rent payment|ACH|HC|79|2023-08-13 12:00:00
151|2023-08-04|-672.0|Rent payment|ACH||79|2023-08-13 12:00:00
152|2023-07-01|-662.0|Rent payment|ACH|Housing Connect|79|2023-08-13 12:00:00
153|2023-06-06|-672.0|Rent payment|ACH||79|2023-08-13 12:00:00
154|2023-11-07|-10.0|Rent payment|Cash App|Tracy|59|2023-08-13 12:00:00
155|2023-10-17|-40.0|Rent payment|Cash App|Tracy|59|2023-08-13 12:00:00
156|2023-10-28|-900.0|Rent payment|Other (specify)|Zelle|59|2023-08-13 12:00:00
157|2023-10-16|-480.0|Rent payment|Other (specify)|Zelle|59|2023-08-13 12:00:00
158|2023-09-29|-750.0|Rent payment|Other (specify)|Zelle|59|2023-08-13 12:00:00
159|2023-09-15|-300.0|Rent payment|Other (specify)|Zelle|59|2023-08-13 12:00:00
160|2023-09-04|-270.0|Rent payment|Other (specify)|Zelle|59|2023-08-13 12:00:00
161|2023-08-12|-550.0|Rent payment|Other (specify)|Zelle|59|2023-08-13 12:00:00
162|2023-08-04|-500.0|Rent payment|Other (specify)|Zelle|59|2023-08-13 12:00:00
163|2023-08-02|-350.0|Rent payment|Cash||59|2023-08-13 12:00:00
164|2023-07-04|-220.0|Rent payment|Cash||59|2023-08-13 12:00:00
165|2023-07-04|-130.0|Rent payment|Other (specify)|Incentive |59|2023-08-13 12:00:00
166|2023-06-16|-450.0|Rent payment|Check|101|59|2023-08-13 12:00:00
167|2023-06-02|-450.0|Rent payment|Check|#100 Erin Sanchez|59|2023-08-13 12:00:00
168|2023-05-15|-450.0|Rent payment|Venmo||59|2023-08-13 12:00:00
169|2023-11-07|-600.0|Rent payment|Money Order||78|2023-08-13 12:00:00
170|2023-10-03|-600.0|Rent payment|Money Order||78|2023-08-13 12:00:00
171|2023-09-08|-575.0|Other (specify)|||78|2023-08-13 12:00:00
172|2023-09-06|-425.0|Rent payment|Money Order||78|2023-08-13 12:00:00
173|2023-08-10|-425.0|Rent payment|Money Order||78|2023-08-13 12:00:00
174|2023-07-07|-375.0|Rent payment|Money Order||78|2023-08-13 12:00:00
175|2023-06-07|-100.0|Other (specify)|||78|2023-08-13 12:00:00
176|2023-06-07|-500.0|Rent payment|Money Order||78|2023-08-13 12:00:00
177|2023-05-03|-600.0|Rent payment|Money Order||78|2023-08-13 12:00:00
178|2023-11-07|-700.0|Rent payment|Check||8|2023-08-13 12:00:00
179|2023-10-03|-800.0|Rent payment|Money Order||8|2023-08-13 12:00:00
180|2023-09-22|-135.0|Rent payment|Cash||8|2023-08-13 12:00:00
181|2023-11-07|-900.0|Rent payment|Cash App||7|2023-08-13 12:00:00
182|2023-10-05|-425.0|Rent payment|Cash App||7|2023-08-13 12:00:00
183|2023-10-05|-500.0|Rent payment|Cash App||7|2023-08-13 12:00:00
184|2023-11-06|-700.0|Rent payment|Other (specify)|Paypal|9|2023-08-13 12:00:00
185|2023-10-04|-100.0|Rent payment|Other (specify)|Paypal|9|2023-08-13 12:00:00
186|2023-10-04|-700.0|Rent payment|Other (specify)|Paypal|9|2023-08-13 12:00:00
187|2023-09-22|-195.0|Rent payment|Other (specify)|Paypal|9|2023-08-13 12:00:00
188|2023-09-22|-30.0|Rent payment|Other (specify)|Paypal|9|2023-08-13 12:00:00
189|2023-11-06|-700.0|Rent payment|Other (specify)|Zelle|64|2023-08-13 12:00:00
190|2023-10-04|-700.0|Rent payment|Other (specify)|Zelle|64|2023-08-13 12:00:00
191|2023-09-08|-25.0|Other (specify)|||64|2023-08-13 12:00:00
192|2023-09-03|-700.0|Rent payment|Other (specify)|Zelle|64|2023-08-13 12:00:00
193|2023-08-03|-700.0|Rent payment|Cash||64|2023-08-13 12:00:00
194|2023-07-05|-700.0|Rent payment|Other (specify)|Zelle|64|2023-08-13 12:00:00
195|2023-06-04|-700.0|Rent payment|Other (specify)|Zelle|64|2023-08-13 12:00:00
196|2023-05-04|-675.0|Rent payment|Other (specify)|Zelle|64|2023-08-13 12:00:00
197|2023-11-06|-450.0|Rent payment|Venmo||77|2023-08-13 12:00:00
198|2023-10-05|-450.0|Rent payment|Venmo||77|2023-08-13 12:00:00
199|2023-09-05|-75.0|Other (specify)|||77|2023-08-13 12:00:00
200|2023-09-05|-375.0|Rent payment|Venmo||77|2023-08-13 12:00:00
201|2023-08-21|-225.0|Rent payment|Venmo||77|2023-08-13 12:00:00
202|2023-08-04|-225.0|Rent payment|Venmo||77|2023-08-13 12:00:00
203|2023-07-23|-225.0|Rent payment|Venmo||77|2023-08-13 12:00:00
204|2023-07-05|-225.0|Rent payment|Venmo||77|2023-08-13 12:00:00
205|2023-06-21|-225.0|Rent payment|Venmo||77|2023-08-13 12:00:00
206|2023-06-03|-225.0|Rent payment|Venmo||77|2023-08-13 12:00:00
207|2023-05-19|-225.0|Rent payment|Venmo||77|2023-08-13 12:00:00
208|2023-05-05|-225.0|Rent payment|Venmo||77|2023-08-13 12:00:00
209|2023-11-06|-700.0|Rent payment|Venmo||3|2023-08-13 12:00:00
210|2023-10-25|-45.0|Rent payment|Other (specify)|CC|3|2023-08-13 12:00:00
211|2023-10-25|-287.0|Rent payment|Venmo||3|2023-08-13 12:00:00
212|2023-11-06|-450.0|Rent payment|Venmo||52|2023-08-13 12:00:00
213|2023-11-01|-350.0|Rent payment|Venmo||52|2023-08-13 12:00:00
214|2023-10-14|-200.0|Rent payment|Venmo||52|2023-08-13 12:00:00
215|2023-10-12|-100.0|Rent payment|Venmo||52|2023-08-13 12:00:00
216|2023-10-11|-200.0|Rent payment|Venmo||52|2023-08-13 12:00:00
217|2023-10-03|-100.0|Rent payment|Venmo||52|2023-08-13 12:00:00
218|2023-10-01|-200.0|Rent payment|Venmo||52|2023-08-13 12:00:00
219|2023-09-05|-400.0|Rent payment|Venmo||52|2023-08-13 12:00:00
220|2023-08-30|-400.0|Rent payment|Venmo||52|2023-08-13 12:00:00
221|2023-07-31|-800.0|Rent payment|Venmo||52|2023-08-13 12:00:00
222|2023-07-03|-220.0|Rent payment|Venmo||52|2023-08-13 12:00:00
223|2023-07-01|-450.0|Rent payment|Venmo||52|2023-08-13 12:00:00
224|2023-07-01|-130.0|Other (specify)||6 months|52|2023-08-13 12:00:00
225|2023-05-31|-800.0|Rent payment|Venmo||52|2023-08-13 12:00:00
226|2023-11-05|-450.0|Rent payment|Venmo||43|2023-08-13 12:00:00
227|2023-10-07|-450.0|Rent payment|Venmo||43|2023-08-13 12:00:00
228|2023-09-06|1500.0|Other (specify)||HM Rent Adjustment|43|2023-08-13 12:00:00
229|2023-08-28|-700.0|Rent payment|Venmo||43|2023-08-13 12:00:00
230|2023-07-30|-700.0|Rent payment|Venmo||43|2023-08-13 12:00:00
231|2023-07-30|-150.0|Rent payment|Venmo||43|2023-08-13 12:00:00
232|2023-07-30|-150.0|Other (specify)|||43|2023-08-13 12:00:00
233|2023-07-04|-400.0|Rent payment|Venmo||43|2023-08-13 12:00:00
234|2023-06-06|-700.0|Rent payment|Venmo||43|2023-08-13 12:00:00
235|2023-05-19|-250.0|Rent payment|Venmo||43|2023-08-13 12:00:00
236|2023-05-06|-450.0|Rent payment|Venmo||43|2023-08-13 12:00:00
237|2023-11-05|-350.0|Rent payment|Money Order|America first Cashier check|40|2023-08-13 12:00:00
238|2023-10-22|-175.0|Rent payment|Other (specify)|Zelle|40|2023-08-13 12:00:00
239|2023-10-22|-600.0|Rent payment|Check|"Check #1119
Elizabeth Stewart "|40|2023-08-13 12:00:00
240|2023-09-08|-200.0|Rent payment|Venmo||40|2023-08-13 12:00:00
241|2023-09-04|-75.0|Other (specify)|||40|2023-08-13 12:00:00
242|2023-08-14|-200.0|Rent payment|Venmo||40|2023-08-13 12:00:00
243|2023-08-03|-180.0|Rent payment|Venmo||40|2023-08-13 12:00:00
244|2023-07-23|-200.0|Rent payment|Venmo||40|2023-08-13 12:00:00
245|2023-07-17|-150.0|Rent payment|Venmo||40|2023-08-13 12:00:00
246|2023-07-06|-150.0|Rent payment|Venmo||40|2023-08-13 12:00:00
247|2023-07-02|-200.0|Rent payment|Venmo||40|2023-08-13 12:00:00
248|2023-06-22|-250.0|Rent payment|Venmo||40|2023-08-13 12:00:00
249|2023-06-16|-100.0|Rent payment|Venmo||40|2023-08-13 12:00:00
250|2023-06-08|-150.0|Rent payment|Venmo||40|2023-08-13 12:00:00
251|2023-06-07|-200.0|Rent payment|Venmo||40|2023-08-13 12:00:00
252|2023-06-05|-300.0|Rent payment|Check|Elizabeth Stewart check no.1107|40|2023-08-13 12:00:00
253|2023-05-07|-400.0|Rent payment|Check|Elizabeth Stewart check no.1104|40|2023-08-13 12:00:00
254|2023-11-05|-700.0|Rent payment|Other (specify)|Zelle|15|2023-08-13 12:00:00
255|2023-10-09|-700.0|Rent payment|Other (specify)|Zelle|15|2023-08-13 12:00:00
256|2023-09-15|-210.0|Rent payment|Other (specify)|Zelle|15|2023-08-13 12:00:00
257|2023-09-07|-210.0|Rent payment|Cash||15|2023-08-13 12:00:00
258|2023-08-24|-800.0|Rent payment|Check|"#1097
James Bernhisel"|15|2023-08-13 12:00:00
259|2023-11-04|-100.0|Rent payment|Cash||53|2023-08-13 12:00:00
260|2023-11-02|-800.0|Rent payment|Cash||53|2023-08-13 12:00:00
261|2023-10-14|40.0|Other (specify)||10/7/23 to 11/1/23|53|2023-08-13 12:00:00
262|2023-10-12|-40.0|Rent payment|Cash|For alcohol testing- 30 days with behavior modification |53|2023-08-13 12:00:00
263|2023-10-04|-100.0|Other (specify)|||53|2023-08-13 12:00:00
264|2023-10-04|-503.0|Other (specify)|||53|2023-08-13 12:00:00
265|2023-10-04|-400.0|Rent payment|Cash|To TC 10/2|53|2023-08-13 12:00:00
266|2023-10-02|-400.0|Rent payment|Cash||53|2023-08-13 12:00:00
267|2023-09-15|-404.0|Rent payment|Cash||53|2023-08-13 12:00:00
268|2023-09-07|-150.0|Rent payment|Venmo||53|2023-08-13 12:00:00
269|2023-09-05|507.0|Other (specify)||Readmission|53|2023-08-13 12:00:00
270|2023-09-06|-150.0|Rent payment|Venmo|Barbara|53|2023-08-13 12:00:00
271|2023-08-15|-410.0|Other (specify)||Moved out zero balance|53|2023-08-13 12:00:00
272|2023-08-03|-400.0|Rent payment|Cash||53|2023-08-13 12:00:00
273|2023-07-17|-400.0|Rent payment|Cash||53|2023-08-13 12:00:00
274|2023-07-09|-50.0|Other (specify)||PIF|53|2023-08-13 12:00:00
275|2023-07-03|-400.0|Rent payment|Cash||53|2023-08-13 12:00:00
276|2023-06-16|-400.0|Rent payment|Cash||53|2023-08-13 12:00:00
277|2023-05-29|-400.0|Rent payment|Cash||53|2023-08-13 12:00:00
278|2023-05-18|-170.0|Rent payment|Cash||53|2023-08-13 12:00:00
279|2023-05-15|-170.0|Rent payment|Cash||53|2023-08-13 12:00:00
280|2023-11-04|-800.0|Rent payment|Cash||20|2023-08-13 12:00:00
281|2023-10-08|-800.0|Rent payment|Cash||20|2023-08-13 12:00:00
282|2023-09-02|-800.0|Rent payment|Cash||20|2023-08-13 12:00:00
283|2023-07-06|-800.0|Rent payment|Cash||20|2023-08-13 12:00:00
284|2023-11-02|-800.0|Rent payment|Venmo||50|2023-08-13 12:00:00
285|2023-10-01|-800.0|Rent payment|Venmo||50|2023-08-13 12:00:00
286|2023-09-01|-800.0|Rent payment|Venmo||50|2023-08-13 12:00:00
287|2023-08-01|-800.0|Rent payment|Venmo||50|2023-08-13 12:00:00
288|2023-07-01|-800.0|Rent payment|Venmo||50|2023-08-13 12:00:00
289|2023-06-01|-800.0|Rent payment|Venmo||50|2023-08-13 12:00:00
290|2023-05-04|-800.0|Rent payment|Venmo||50|2023-08-13 12:00:00
291|2023-11-02|-700.0|Rent payment|Venmo|Janet |46|2023-08-13 12:00:00
292|2023-10-04|-843.0|Other (specify)|||46|2023-08-13 12:00:00
293|2023-10-01|64.0|Assess Fee||8 for Oct|46|2023-08-13 12:00:00
294|2023-10-01|-700.0|Rent payment|Venmo||46|2023-08-13 12:00:00
295|2023-09-01|-467.0|Rent payment|Venmo||46|2023-08-13 12:00:00
296|2023-09-01|80.0|Assess Fee|||46|2023-08-13 12:00:00
297|2023-08-22|-467.0|Other (specify)||$933 admission balance|46|2023-08-13 12:00:00
298|2023-08-22|-467.0|Rent payment|Venmo|Clay|46|2023-08-13 12:00:00
299|2023-06-01|-700.0|Rent payment|Venmo||46|2023-08-13 12:00:00
300|2023-11-01|-800.0|Other (specify)||Moved out zero balance|37|2023-08-13 12:00:00
301|2023-10-06|-600.0|Rent payment|Venmo||37|2023-08-13 12:00:00
302|2023-10-04|-200.0|Other (specify)|||37|2023-08-13 12:00:00
303|2023-09-30|-200.0|Rent payment|Venmo||37|2023-08-13 12:00:00
304|2023-08-01|-200.0|Other (specify)||New rent amount fix|37|2023-08-13 12:00:00
305|2023-09-08|100.0|Other (specify)|||37|2023-08-13 12:00:00
306|2023-09-07|-700.0|Rent payment|Venmo||37|2023-08-13 12:00:00
307|2023-09-01|-100.0|Rent payment|Venmo||37|2023-08-13 12:00:00
308|2023-08-12|-200.0|Rent payment|Venmo||37|2023-08-13 12:00:00
309|2023-08-11|-200.0|Rent payment|Venmo||37|2023-08-13 12:00:00
310|2023-07-30|-404.0|Rent payment|Venmo||37|2023-08-13 12:00:00
311|2023-07-13|-200.0|Rent payment|Venmo||37|2023-08-13 12:00:00
312|2023-07-04|72.0|Other (specify)|||37|2023-08-13 12:00:00
313|2023-06-29|-700.0|Rent payment|Venmo||37|2023-08-13 12:00:00
314|2023-06-21|-100.0|Rent payment|Venmo||37|2023-08-13 12:00:00
315|2023-06-01|-700.0|Rent payment|Venmo||37|2023-08-13 12:00:00
316|2023-11-01|-350.0|Rent payment|Venmo||11|2023-08-13 12:00:00
317|2023-10-31|-350.0|Rent payment|Venmo|Julie |11|2023-08-13 12:00:00
318|2023-09-16|-781.0|Rent payment|Venmo||11|2023-08-13 12:00:00
319|2023-11-01|-900.0|Rent payment|Venmo||39|2023-08-13 12:00:00
320|2023-10-02|-900.0|Rent payment|Venmo||39|2023-08-13 12:00:00
321|2023-09-01|-900.0|Rent payment|Venmo||39|2023-08-13 12:00:00
322|2023-08-03|-900.0|Rent payment|Venmo||39|2023-08-13 12:00:00
323|2023-07-01|-900.0|Rent payment|Venmo||39|2023-08-13 12:00:00
324|2023-06-01|-900.0|Rent payment|Venmo||39|2023-08-13 12:00:00
325|2023-11-01|-850.0|Rent payment|Venmo||80|2023-08-13 12:00:00
326|2023-10-01|-850.0|Rent payment|Venmo||80|2023-08-13 12:00:00
327|2023-09-01|-850.0|Rent payment|Venmo||80|2023-08-13 12:00:00
328|2023-08-17|-325.0|Rent payment|Venmo||80|2023-08-13 12:00:00
329|2023-08-17|-100.0|Rent payment|Venmo||80|2023-08-13 12:00:00
330|2023-08-01|-425.0|Rent payment|Venmo||80|2023-08-13 12:00:00
331|2023-07-13|-425.0|Rent payment|Venmo||80|2023-08-13 12:00:00
332|2023-07-01|-425.0|Rent payment|Venmo||80|2023-08-13 12:00:00
333|2023-05-31|-850.0|Rent payment|Venmo||80|2023-08-13 12:00:00
334|2023-10-31|-450.0|Rent payment|Other (specify)|Apple Pay|10|2023-08-13 12:00:00
335|2023-09-05|-1510.0|Rent payment|Other (specify)|Apple Pay|10|2023-08-13 12:00:00
336|2023-10-26|-900.0|Rent payment|Venmo||74|2023-08-13 12:00:00
337|2023-09-27|-900.0|Rent payment|Venmo||74|2023-08-13 12:00:00
338|2023-08-28|-900.0|Rent payment|Venmo||74|2023-08-13 12:00:00
339|2023-07-27|-900.0|Rent payment|Venmo||74|2023-08-13 12:00:00
340|2023-06-27|-900.0|Rent payment|Venmo||74|2023-08-13 12:00:00
341|2023-05-25|-900.0|Rent payment|Venmo||74|2023-08-13 12:00:00
342|2023-10-19|-980.0|Other (specify)||Move out balance|4|2023-08-13 12:00:00
343|2023-10-14|-800.0|Rent payment|Venmo||4|2023-08-13 12:00:00
344|2023-10-25|-700.0|Rent payment|Venmo|Alisha Giles|5|2023-08-13 12:00:00
345|2023-10-04|-730.0|Rent payment|Venmo|Alisha Giles|5|2023-08-13 12:00:00
346|2023-09-25|-132.0|Assess Fee||9/25/23 to 10/4/23|5|2023-08-13 12:00:00
347|2023-10-20|-900.0|Other (specify)||Moved out zero balance|76|2023-08-13 12:00:00
348|2023-09-01|-900.0|Rent payment|Venmo||76|2023-08-13 12:00:00
349|2023-08-04|-900.0|Rent payment|Venmo||76|2023-08-13 12:00:00
350|2023-07-25|-720.0|Rent payment|Venmo||76|2023-08-13 12:00:00
351|2023-07-06|-900.0|Other (specify)||Fixed the double rent charge for July|76|2023-08-13 12:00:00
352|2023-06-22|-3290.0|Other (specify)||Readmission|76|2023-08-13 12:00:00
353|2023-06-23|-650.0|Rent payment|Venmo||76|2023-08-13 12:00:00
354|2023-10-04|-710.0|Other (specify)||Move out balance|17|2023-08-13 12:00:00
355|2023-08-16|-800.0|Rent payment|Cash||17|2023-08-13 12:00:00
356|2023-08-10|-800.0|Rent payment|Cash||17|2023-08-13 12:00:00
357|2023-10-04|-1861.0|Other (specify)||Moved out zero balance|19|2023-08-13 12:00:00
358|2023-07-25|40.0|Other (specify)|||19|2023-08-13 12:00:00
359|2023-07-12|-800.0|Rent payment|Venmo|Annette|19|2023-08-13 12:00:00
360|2023-10-03|-10565.0|Other (specify)||Readmission|75|2023-08-13 12:00:00
361|2023-10-03|-200.0|Rent payment|Cash|Rent owed |75|2023-08-13 12:00:00
362|2023-10-03|-440.0|Rent payment|Cash||75|2023-08-13 12:00:00
363|2023-10-01|75.0|Other (specify)||Moved out zero balance|35|2023-08-13 12:00:00
364|2023-09-08|-900.0|Other (specify)|||35|2023-08-13 12:00:00
365|2023-09-04|-75.0|Other (specify)|||35|2023-08-13 12:00:00
366|2023-08-11|-600.0|Rent payment|Venmo||35|2023-08-13 12:00:00
367|2023-08-01|-300.0|Rent payment|Venmo||35|2023-08-13 12:00:00
368|2023-07-14|-300.0|Rent payment|Venmo||35|2023-08-13 12:00:00
369|2023-07-06|-300.0|Rent payment|Venmo||35|2023-08-13 12:00:00
370|2023-07-04|-300.0|Rent payment|Venmo||35|2023-08-13 12:00:00
371|2023-06-02|-900.0|Rent payment|Venmo||35|2023-08-13 12:00:00
372|2023-09-23|-87.0|Other (specify)||Moved out balance|56|2023-08-13 12:00:00
373|2023-09-07|-380.0|Rent payment|Cash||56|2023-08-13 12:00:00
374|2023-08-09|-440.0|Rent payment|Cash||56|2023-08-13 12:00:00
375|2023-07-25|-280.0|Rent payment|Cash||56|2023-08-13 12:00:00
376|2023-07-12|-400.0|Rent payment|Cash||56|2023-08-13 12:00:00
377|2023-05-17|-100.0|Other (specify)|||56|2023-08-13 12:00:00
378|2023-05-17|-130.0|Rent payment|Other (specify)|Incentive |56|2023-08-13 12:00:00
379|2023-05-04|-350.0|Rent payment|Cash||56|2023-08-13 12:00:00
380|2023-09-16|-350.0|Rent payment|Venmo||70|2023-08-13 12:00:00
381|2023-09-04|-350.0|Rent payment|Cash||70|2023-08-13 12:00:00
382|2023-09-03|-5250.0|Other (specify)||Rent change|70|2023-08-13 12:00:00
383|2023-08-05|-225.0|Rent payment|Venmo||70|2023-08-13 12:00:00
384|2023-08-03|-225.0|Rent payment|Venmo||70|2023-08-13 12:00:00
385|2023-07-03|-450.0|Rent payment|Venmo||70|2023-08-13 12:00:00
386|2023-06-03|-320.0|Rent payment|Venmo||70|2023-08-13 12:00:00
387|2023-05-30|-130.0|Other (specify)|||70|2023-08-13 12:00:00
388|2023-05-02|-450.0|Rent payment|Venmo||70|2023-08-13 12:00:00
389|2023-09-08|-1213.0|Other (specify)||Move out balance|12|2023-08-13 12:00:00
390|2023-09-08|-1213.0|Other (specify)||Move out balance|12|2023-08-13 12:00:00
391|2023-09-01|-500.0|Rent payment|Cash App||12|2023-08-13 12:00:00
392|2023-09-07|-500.0|Other (specify)||Move out balance|18|2023-08-13 12:00:00
393|2023-08-31|-197.0|Rent payment|Cash||18|2023-08-13 12:00:00
394|2023-08-28|-100.0|Rent payment|Cash||18|2023-08-13 12:00:00
395|2023-08-03|-320.0|Rent payment|Cash||18|2023-08-13 12:00:00
396|2023-08-03|-300.0|Rent payment|Check|419737|18|2023-08-13 12:00:00
397|2023-07-27|-300.0|Rent payment|Check|0167|18|2023-08-13 12:00:00
398|2023-09-01|7.0|Other (specify)||Moved out zero balance|26|2023-08-13 12:00:00
399|2023-08-19|-450.0|Rent payment|Other (specify)|Zelle|26|2023-08-13 12:00:00
400|2023-08-15|-450.0|Rent payment|Other (specify)|Zelle|26|2023-08-13 12:00:00
401|2023-08-12|-450.0|Rent payment|Other (specify)|Zelle|26|2023-08-13 12:00:00
402|2023-08-07|-500.0|Rent payment|Other (specify)|Zelle|26|2023-08-13 12:00:00
403|2023-07-24|-300.0|Rent payment|Cash||26|2023-08-13 12:00:00
404|2023-07-24|-290.0|Rent payment|Cash||26|2023-08-13 12:00:00
405|2023-06-08|-723.0|Rent payment|Other (specify)|Paypal|26|2023-08-13 12:00:00
406|2023-09-01|-450.0|Other (specify)||Moved out zero balance|63|2023-08-13 12:00:00
407|2023-08-07|-450.0|Rent payment|Cash||63|2023-08-13 12:00:00
408|2023-07-03|-450.0|Rent payment|Cash||63|2023-08-13 12:00:00
409|2023-06-05|-450.0|Rent payment|Cash||63|2023-08-13 12:00:00
410|2023-05-06|450.0|Other (specify)||Fix|63|2023-08-13 12:00:00
411|2023-09-01|-700.0|Rent payment|Other (specify)|Zelle - Donna Mellender |58|2023-08-13 12:00:00
412|2023-08-04|-700.0|Rent payment|Other (specify)|Zelle|58|2023-08-13 12:00:00
413|2023-07-05|-700.0|Rent payment|Other (specify)|Zelle|58|2023-08-13 12:00:00
414|2023-06-03|-570.0|Rent payment|Other (specify)|Zelle|58|2023-08-13 12:00:00
415|2023-05-17|-130.0|Other (specify)|||58|2023-08-13 12:00:00
416|2023-05-03|-700.0|Rent payment|Other (specify)|Zelle|58|2023-08-13 12:00:00
417|2023-08-26|4.0|Other (specify)||Moved out zero balance|22|2023-08-13 12:00:00
418|2023-08-02|-900.0|Rent payment|Cash||22|2023-08-13 12:00:00
419|2023-07-07|-700.0|Rent payment|Cash||22|2023-08-13 12:00:00
420|2023-07-06|-196.0|Other (specify)||Balance Fix|22|2023-08-13 12:00:00
421|2023-07-01|-400.0|Rent payment|Cash||22|2023-08-13 12:00:00
422|2023-08-15|-292.0|Other (specify)||Moved out zero balance|31|2023-08-13 12:00:00
423|2023-08-07|-360.0|Rent payment|Cash||31|2023-08-13 12:00:00
424|2023-07-31|-350.0|Rent payment|Cash App||31|2023-08-13 12:00:00
425|2023-07-03|-350.0|Rent payment|Cash App||31|2023-08-13 12:00:00
426|2023-06-21|-350.0|Rent payment|Cash||31|2023-08-13 12:00:00
427|2023-06-05|-350.0|Rent payment|Cash||31|2023-08-13 12:00:00
428|2023-05-16|-278.0|Rent payment|Cash||31|2023-08-13 12:00:00
429|2023-05-15|-240.0|Rent payment|Cash||31|2023-08-13 12:00:00
430|2023-07-15|-350.0|Other (specify)||Moved out zero balance|30|2023-08-13 12:00:00
431|2023-07-04|-60.0|Rent payment|Other (specify)|Zelle|30|2023-08-13 12:00:00
432|2023-07-04|-290.0|Rent payment|Cash App||30|2023-08-13 12:00:00
433|2023-06-16|-293.0|Rent payment|Money Order||30|2023-08-13 12:00:00
434|2023-05-23|-800.0|Rent payment|Check|Journey check #516|30|2023-08-13 12:00:00
435|2023-08-06|-600.0|Other (specify)||Move out balance|29|2023-08-13 12:00:00
436|2023-07-25|-50.0|Rent payment|Cash||29|2023-08-13 12:00:00
437|2023-07-20|-75.0|Rent payment|Cash||29|2023-08-13 12:00:00
438|2023-07-18|-202.0|Rent payment|Cash||29|2023-08-13 12:00:00
439|2023-07-17|-150.0|Rent payment|Cash||29|2023-08-13 12:00:00
440|2023-07-03|-350.0|Rent payment|Cash||29|2023-08-13 12:00:00
441|2023-05-27|12.0|Assess Fee|||29|2023-08-13 12:00:00
442|2023-05-26|-800.0|Rent payment|Cash App||29|2023-08-13 12:00:00
443|2023-08-06|-625.0|Other (specify)||Move out balance|49|2023-08-13 12:00:00
444|2023-07-17|-350.0|Rent payment|Cash||49|2023-08-13 12:00:00
445|2023-07-03|-350.0|Rent payment|Cash||49|2023-08-13 12:00:00
446|2023-06-15|-500.0|Rent payment|Cash||49|2023-08-13 12:00:00
447|2023-06-05|-200.0|Rent payment|Cash||49|2023-08-13 12:00:00
448|2023-05-12|-700.0|Rent payment|Check||49|2023-08-13 12:00:00
449|2023-08-04|-160.0|Rent payment|Other (specify)|Zelle|28|2023-08-13 12:00:00
450|2023-07-07|-707.0|Rent payment|Other (specify)|Zelle|28|2023-08-13 12:00:00
451|2023-06-29|-240.0|Rent payment|Cash||28|2023-08-13 12:00:00
452|2023-05-30|-600.0|Rent payment|Venmo|Courtney and Tony|28|2023-08-13 12:00:00
453|2023-08-01|-800.0|Other (specify)||Moved out zero balance|71|2023-08-13 12:00:00
454|2023-07-12|-400.0|Rent payment|Venmo|Julie B|71|2023-08-13 12:00:00
455|2023-07-01|-400.0|Rent payment|Venmo||71|2023-08-13 12:00:00
456|2023-05-31|-800.0|Rent payment|Venmo||71|2023-08-13 12:00:00
457|2023-08-01|-700.0|Other (specify)||Moved out zero balance|65|2023-08-13 12:00:00
458|2023-07-17|-350.0|Rent payment|Cash||65|2023-08-13 12:00:00
459|2023-07-10|-250.0|Rent payment|Cash||65|2023-08-13 12:00:00
460|2023-07-03|-100.0|Rent payment|Cash||65|2023-08-13 12:00:00
461|2023-06-16|-350.0|Rent payment|Cash||65|2023-08-13 12:00:00
462|2023-06-05|-350.0|Rent payment|Cash||65|2023-08-13 12:00:00
463|2023-05-16|-50.0|Rent payment|Cash||65|2023-08-13 12:00:00
464|2023-05-15|-300.0|Rent payment|Cash||65|2023-08-13 12:00:00
465|2023-05-03|-350.0|Rent payment|Cash||65|2023-08-13 12:00:00
466|2023-08-01|-950.0|Other (specify)||Move out balance|34|2023-08-13 12:00:00
467|2023-07-11|-350.0|Rent payment|Other (specify)|Quickbooks|34|2023-08-13 12:00:00
468|2023-06-26|-350.0|Rent payment|Venmo|Murphy|34|2023-08-13 12:00:00
469|2023-06-08|-350.0|Rent payment|Venmo|Murphy|34|2023-08-13 12:00:00
470|2023-07-08|-536.57|Other (specify)||Moved out zero balance|27|2023-08-13 12:00:00
471|2023-06-21|-567.0|Rent payment|Venmo|Kristie|27|2023-08-13 12:00:00
472|2023-06-08|-233.43|Rent payment|Venmo|Kristie Winkler|27|2023-08-13 12:00:00
473|2023-07-07|-1000.0|Other (specify)||Moved out zero balance|21|2023-08-13 12:00:00
474|2023-07-07|-1166.67|Other (specify)||Moved out zero balance|48|2023-08-13 12:00:00
475|2023-06-05|-233.33|Rent payment|Cash||48|2023-08-13 12:00:00
476|2023-05-07|-700.0|Rent payment|Cash||48|2023-08-13 12:00:00
477|2023-07-07|-1500.0|Other (specify)||Moved out zero balance|44|2023-08-13 12:00:00
478|2023-06-07|-300.0|Rent payment|Cash||44|2023-08-13 12:00:00
479|2023-05-12|-900.0|Rent payment|Cash App|Randy Krantz|44|2023-08-13 12:00:00
480|2023-07-06|-990.0|Other (specify)||Moved out zero balance|24|2023-08-13 12:00:00
481|2023-07-06|420.0|Other (specify)||Rent refund - paid to Stefani Blayden via Venmo|24|2023-08-13 12:00:00
482|2023-06-13|-1000.0|Rent payment|Venmo|Stefani|24|2023-08-13 12:00:00
483|2023-07-05|-187.0|Rent payment|Cash App||23|2023-08-13 12:00:00
484|2023-06-22|-350.0|Rent payment|Cash App||23|2023-08-13 12:00:00
485|2023-06-22|-450.0|Rent payment|Cash App||23|2023-08-13 12:00:00
486|2023-07-01|-100.0|Rent payment|Cash||62|2023-08-13 12:00:00
487|2023-06-07|-800.0|Rent payment|Cash||62|2023-08-13 12:00:00
488|2023-05-05|-690.0|Rent payment|Cash||62|2023-08-13 12:00:00
489|2023-06-22|-240.0|Other (specify)||Moved out zero balance|33|2023-08-13 12:00:00
490|2023-06-05|-570.0|Rent payment|Check|Check# 0102|33|2023-08-13 12:00:00
491|2023-05-05|-1000.0|Rent payment|Check|0101 4664|33|2023-08-13 12:00:00
492|2023-06-10|-350.0|Other (specify)||Moved out zero balance|45|2023-08-13 12:00:00
493|2023-06-01|-350.0|Rent payment|Venmo||45|2023-08-13 12:00:00
494|2023-05-16|-350.0|Rent payment|Venmo||45|2023-08-13 12:00:00
495|2023-05-02|-350.0|Rent payment|Venmo||45|2023-08-13 12:00:00
496|2023-06-11|-52.0|Other (specify)||Move out balance|25|2023-08-13 12:00:00
497|2023-06-09|-785.0|Rent payment|Venmo|Lenore|25|2023-08-13 12:00:00
498|2023-06-05|-700.0|Rent payment|Cash||55|2023-08-13 12:00:00
499|2023-05-15|-350.0|Rent payment|Cash||55|2023-08-13 12:00:00
500|2023-05-03|-350.0|Rent payment|Cash||55|2023-08-13 12:00:00
501|2023-05-28|-50.0|Other (specify)||Moved out zero balance|54|2023-08-13 12:00:00
502|2023-05-15|-350.0|Rent payment|Cash||54|2023-08-13 12:00:00
503|2023-05-12|-324.5|Other (specify)||Moved out zero balance|42|2023-08-13 12:00:00
504|2023-05-12|-699.69|Other (specify)||Moved out zero balance|47|2023-08-13 12:00:00
505|2023-05-12|-560.0|Other (specify)||Moved out zero balance|41|2023-08-13 12:00:00
506|2023-05-05|-140.0|Rent payment|Cash||41|2023-08-13 12:00:00
507|2023-05-17|-233.0|Rent payment|Other (specify)|Zelle|36|2023-08-13 12:00:00
508|2023-05-06|-575.0|Other (specify)||Move out balance $300|51|2023-08-13 12:00:00
509|2023-05-03|25.0|Other (specify)|||51|2023-08-13 12:00:00
510|2023-05-03|-633.0|Other (specify)||Moved out $283 credit|38|2023-08-13 12:00:00
511|2023-05-01|900.0|Rent charge||May Rent|39|2023-08-13 12:00:00
512|2023-05-01|700.0|Rent charge||May Rent|40|2023-08-13 12:00:00
513|2023-05-01|700.0|Rent charge||May Rent|41|2023-08-13 12:00:00
514|2023-05-01|700.0|Rent charge||May Rent|42|2023-08-13 12:00:00
515|2023-05-01|450.0|Rent charge||May Rent|43|2023-08-13 12:00:00
516|2023-05-01|900.0|Rent charge||May Rent|44|2023-08-13 12:00:00
517|2023-05-01|700.0|Rent charge||May Rent|45|2023-08-13 12:00:00
518|2023-05-01|700.0|Rent charge||May Rent|46|2023-08-13 12:00:00
519|2023-05-01|700.0|Rent charge||May Rent|47|2023-08-13 12:00:00
520|2023-05-01|700.0|Rent charge||May Rent|48|2023-08-13 12:00:00
521|2023-05-01|700.0|Rent charge||May Rent|49|2023-08-13 12:00:00
522|2023-05-01|800.0|Rent charge||May Rent|50|2023-08-13 12:00:00
523|2023-05-01|700.0|Rent charge||May Rent|51|2023-08-13 12:00:00
524|2023-05-01|800.0|Rent charge||May Rent|52|2023-08-13 12:00:00
525|2023-05-01|800.0|Rent charge||May Rent|53|2023-08-13 12:00:00
526|2023-05-01|700.0|Rent charge||May Rent|54|2023-08-13 12:00:00
527|2023-05-01|700.0|Rent charge||May Rent|55|2023-08-13 12:00:00
528|2023-05-01|450.0|Rent charge||May Rent|56|2023-08-13 12:00:00
529|2023-05-01|900.0|Rent charge||May Rent|57|2023-08-13 12:00:00
530|2023-05-01|700.0|Rent charge||May Rent|58|2023-08-13 12:00:00
531|2023-05-01|900.0|Rent charge||May Rent|59|2023-08-13 12:00:00
532|2023-05-01|450.0|Rent charge||May Rent|60|2023-08-13 12:00:00
533|2023-05-01|700.0|Rent charge||May Rent|61|2023-08-13 12:00:00
534|2023-05-01|800.0|Rent charge||May Rent|62|2023-08-13 12:00:00
535|2023-05-01|450.0|Rent charge||May Rent|63|2023-08-13 12:00:00
536|2023-05-01|700.0|Rent charge||May Rent|64|2023-08-13 12:00:00
537|2023-05-01|700.0|Rent charge||May Rent|65|2023-08-13 12:00:00
538|2023-05-01|700.0|Rent charge||May Rent|66|2023-08-13 12:00:00
539|2023-05-01|900.0|Rent charge||May Rent|67|2023-08-13 12:00:00
540|2023-05-01|700.0|Rent charge||May Rent|68|2023-08-13 12:00:00
541|2023-05-01|900.0|Rent charge||May Rent|69|2023-08-13 12:00:00
542|2023-05-01|700.0|Rent charge||May Rent|70|2023-08-13 12:00:00
543|2023-05-01|800.0|Rent charge||May Rent|71|2023-08-13 12:00:00
544|2023-05-01|350.0|Rent charge||May Rent|72|2023-08-13 12:00:00
545|2023-05-01|600.0|Rent charge||May Rent|73|2023-08-13 12:00:00
546|2023-05-01|900.0|Rent charge||May Rent|74|2023-08-13 12:00:00
547|2023-05-01|850.0|Rent charge||May Rent|75|2023-08-13 12:00:00
548|2023-05-01|900.0|Rent charge||May Rent|76|2023-08-13 12:00:00
549|2023-05-01|450.0|Rent charge||May Rent|77|2023-08-13 12:00:00
550|2023-05-01|600.0|Rent charge||May Rent|78|2023-08-13 12:00:00
551|2023-05-01|662.0|Rent charge||May Rent|79|2023-08-13 12:00:00
552|2023-05-01|850.0|Rent charge||May Rent|80|2023-08-13 12:00:00
553|2023-06-01|700.0|Rent charge||June Rent|31|2023-08-13 12:00:00
554|2023-06-01|700.0|Rent charge||June Rent|34|2023-08-13 12:00:00
555|2023-06-01|900.0|Rent charge||June Rent|35|2023-08-13 12:00:00
556|2023-06-01|800.0|Rent charge||June Rent|37|2023-08-13 12:00:00
557|2023-06-01|900.0|Rent charge||June Rent|39|2023-08-13 12:00:00
558|2023-06-01|700.0|Rent charge||June Rent|40|2023-08-13 12:00:00
559|2023-06-01|450.0|Rent charge||June Rent|43|2023-08-13 12:00:00
560|2023-06-01|900.0|Rent charge||June Rent|44|2023-08-13 12:00:00
561|2023-06-01|700.0|Rent charge||June Rent|45|2023-08-13 12:00:00
562|2023-06-01|700.0|Rent charge||June Rent|46|2023-08-13 12:00:00
563|2023-06-01|700.0|Rent charge||June Rent|48|2023-08-13 12:00:00
564|2023-06-01|700.0|Rent charge||June Rent|49|2023-08-13 12:00:00
565|2023-06-01|800.0|Rent charge||June Rent|50|2023-08-13 12:00:00
566|2023-06-01|800.0|Rent charge||June Rent|52|2023-08-13 12:00:00
567|2023-06-01|800.0|Rent charge||June Rent|53|2023-08-13 12:00:00
568|2023-06-01|700.0|Rent charge||June Rent|55|2023-08-13 12:00:00
569|2023-06-01|450.0|Rent charge||June Rent|56|2023-08-13 12:00:00
570|2023-06-01|900.0|Rent charge||June Rent|57|2023-08-13 12:00:00
571|2023-06-01|700.0|Rent charge||June Rent|58|2023-08-13 12:00:00
572|2023-06-01|900.0|Rent charge||June Rent|59|2023-08-13 12:00:00
573|2023-06-01|450.0|Rent charge||June Rent|60|2023-08-13 12:00:00
574|2023-06-01|700.0|Rent charge||June Rent|61|2023-08-13 12:00:00
575|2023-06-01|800.0|Rent charge||June Rent|62|2023-08-13 12:00:00
576|2023-06-01|450.0|Rent charge||June Rent|63|2023-08-13 12:00:00
577|2023-06-01|700.0|Rent charge||June Rent|64|2023-08-13 12:00:00
578|2023-06-01|700.0|Rent charge||June Rent|65|2023-08-13 12:00:00
579|2023-06-01|700.0|Rent charge||June Rent|66|2023-08-13 12:00:00
580|2023-06-01|900.0|Rent charge||June Rent|67|2023-08-13 12:00:00
581|2023-06-01|700.0|Rent charge||June Rent|68|2023-08-13 12:00:00
582|2023-06-01|900.0|Rent charge||June Rent|69|2023-08-13 12:00:00
583|2023-06-01|700.0|Rent charge||June Rent|70|2023-08-13 12:00:00
584|2023-06-01|800.0|Rent charge||June Rent|71|2023-08-13 12:00:00
585|2023-06-01|350.0|Rent charge||June Rent|72|2023-08-13 12:00:00
586|2023-06-01|600.0|Rent charge||June Rent|73|2023-08-13 12:00:00
587|2023-06-01|900.0|Rent charge||June Rent|74|2023-08-13 12:00:00
588|2023-06-01|850.0|Rent charge||June Rent|75|2023-08-13 12:00:00
589|2023-06-01|900.0|Rent charge||June Rent|76|2023-08-13 12:00:00
590|2023-06-01|450.0|Rent charge||June Rent|77|2023-08-13 12:00:00
591|2023-06-01|600.0|Rent charge||June Rent|78|2023-08-13 12:00:00
592|2023-06-01|662.0|Rent charge||June Rent|79|2023-08-13 12:00:00
593|2023-06-01|850.0|Rent charge||June Rent|80|2023-08-13 12:00:00
594|2023-07-01|700.0|Rent charge||July Rent|28|2023-08-13 12:00:00
595|2023-07-01|700.0|Rent charge||July Rent|29|2023-08-13 12:00:00
596|2023-07-01|700.0|Rent charge||July Rent|30|2023-08-13 12:00:00
597|2023-07-01|700.0|Rent charge||July Rent|31|2023-08-13 12:00:00
598|2023-07-01|450.0|Rent charge||July Rent|32|2023-08-13 12:00:00
599|2023-07-01|700.0|Rent charge||July Rent|34|2023-08-13 12:00:00
600|2023-07-01|900.0|Rent charge||July Rent|35|2023-08-13 12:00:00
601|2023-07-01|800.0|Rent charge||July Rent|37|2023-08-13 12:00:00
602|2023-07-01|900.0|Rent charge||July Rent|39|2023-08-13 12:00:00
603|2023-07-01|700.0|Rent charge||July Rent|40|2023-08-13 12:00:00
604|2023-07-01|450.0|Rent charge||July Rent|43|2023-08-13 12:00:00
605|2023-07-01|900.0|Rent charge||July Rent|44|2023-08-13 12:00:00
606|2023-07-01|700.0|Rent charge||July Rent|46|2023-08-13 12:00:00
607|2023-07-01|700.0|Rent charge||July Rent|48|2023-08-13 12:00:00
608|2023-07-01|700.0|Rent charge||July Rent|49|2023-08-13 12:00:00
609|2023-07-01|800.0|Rent charge||July Rent|50|2023-08-13 12:00:00
610|2023-07-01|800.0|Rent charge||July Rent|52|2023-08-13 12:00:00
611|2023-07-01|800.0|Rent charge||July Rent|53|2023-08-13 12:00:00
612|2023-07-01|450.0|Rent charge||July Rent|56|2023-08-13 12:00:00
613|2023-07-01|900.0|Rent charge||July Rent|57|2023-08-13 12:00:00
614|2023-07-01|700.0|Rent charge||July Rent|58|2023-08-13 12:00:00
615|2023-07-01|900.0|Rent charge||July Rent|59|2023-08-13 12:00:00
616|2023-07-01|450.0|Rent charge||July Rent|60|2023-08-13 12:00:00
617|2023-07-01|700.0|Rent charge||July Rent|61|2023-08-13 12:00:00
618|2023-07-01|450.0|Rent charge||July Rent|63|2023-08-13 12:00:00
619|2023-07-01|700.0|Rent charge||July Rent|64|2023-08-13 12:00:00
620|2023-07-01|700.0|Rent charge||July Rent|65|2023-08-13 12:00:00
621|2023-07-01|700.0|Rent charge||July Rent|66|2023-08-13 12:00:00
622|2023-07-01|900.0|Rent charge||July Rent|67|2023-08-13 12:00:00
623|2023-07-01|700.0|Rent charge||July Rent|68|2023-08-13 12:00:00
624|2023-07-01|900.0|Rent charge||July Rent|69|2023-08-13 12:00:00
625|2023-07-01|700.0|Rent charge||July Rent|70|2023-08-13 12:00:00
626|2023-07-01|800.0|Rent charge||July Rent|71|2023-08-13 12:00:00
627|2023-07-01|350.0|Rent charge||July Rent|72|2023-08-13 12:00:00
628|2023-07-01|600.0|Rent charge||July Rent|73|2023-08-13 12:00:00
629|2023-07-01|900.0|Rent charge||July Rent|74|2023-08-13 12:00:00
630|2023-07-01|850.0|Rent charge||July Rent|75|2023-08-13 12:00:00
631|2023-07-01|900.0|Rent charge||July Rent|76|2023-08-13 12:00:00
632|2023-07-01|450.0|Rent charge||July Rent|77|2023-08-13 12:00:00
633|2023-07-01|600.0|Rent charge||July Rent|78|2023-08-13 12:00:00
634|2023-07-01|662.0|Rent charge||July Rent|79|2023-08-13 12:00:00
635|2023-07-01|850.0|Rent charge||July Rent|80|2023-08-13 12:00:00
636|2023-08-01|900.0|Rent charge||August Rent|22|2023-08-13 12:00:00
637|2023-08-01|900.0|Rent charge||August Rent|26|2023-08-13 12:00:00
638|2023-08-01|700.0|Rent charge||August Rent|28|2023-08-13 12:00:00
639|2023-08-01|700.0|Rent charge||August Rent|29|2023-08-13 12:00:00
640|2023-08-01|700.0|Rent charge||August Rent|31|2023-08-13 12:00:00
641|2023-08-01|450.0|Rent charge||August Rent|32|2023-08-13 12:00:00
642|2023-08-01|900.0|Rent charge||August Rent|35|2023-08-13 12:00:00
643|2023-08-01|800.0|Rent charge||August Rent|37|2023-08-13 12:00:00
644|2023-08-01|900.0|Rent charge||August Rent|39|2023-08-13 12:00:00
645|2023-08-01|700.0|Rent charge||August Rent|40|2023-08-13 12:00:00
646|2023-08-01|450.0|Rent charge||August Rent|43|2023-08-13 12:00:00
647|2023-08-01|700.0|Rent charge||August Rent|46|2023-08-13 12:00:00
648|2023-08-01|700.0|Rent charge||August Rent|49|2023-08-13 12:00:00
649|2023-08-01|800.0|Rent charge||August Rent|50|2023-08-13 12:00:00
650|2023-08-01|800.0|Rent charge||August Rent|52|2023-08-13 12:00:00
651|2023-08-01|800.0|Rent charge||August Rent|53|2023-08-13 12:00:00
652|2023-08-01|450.0|Rent charge||August Rent|56|2023-08-13 12:00:00
653|2023-08-01|900.0|Rent charge||August Rent|57|2023-08-13 12:00:00
654|2023-08-01|700.0|Rent charge||August Rent|58|2023-08-13 12:00:00
655|2023-08-01|900.0|Rent charge||August Rent|59|2023-08-13 12:00:00
656|2023-08-01|450.0|Rent charge||August Rent|60|2023-08-13 12:00:00
657|2023-08-01|700.0|Rent charge||August Rent|61|2023-08-13 12:00:00
658|2023-08-01|450.0|Rent charge||August Rent|63|2023-08-13 12:00:00
659|2023-08-01|700.0|Rent charge||August Rent|64|2023-08-13 12:00:00
660|2023-08-01|700.0|Rent charge||August Rent|66|2023-08-13 12:00:00
661|2023-08-01|900.0|Rent charge||August Rent|67|2023-08-13 12:00:00
662|2023-08-01|700.0|Rent charge||August Rent|68|2023-08-13 12:00:00
663|2023-08-01|900.0|Rent charge||August Rent|69|2023-08-13 12:00:00
664|2023-08-01|700.0|Rent charge||August Rent|70|2023-08-13 12:00:00
665|2023-08-01|350.0|Rent charge||August Rent|72|2023-08-13 12:00:00
666|2023-08-01|600.0|Rent charge||August Rent|73|2023-08-13 12:00:00
667|2023-08-01|900.0|Rent charge||August Rent|74|2023-08-13 12:00:00
668|2023-08-01|850.0|Rent charge||August Rent|75|2023-08-13 12:00:00
669|2023-08-01|900.0|Rent charge||August Rent|76|2023-08-13 12:00:00
670|2023-08-01|450.0|Rent charge||August Rent|77|2023-08-13 12:00:00
671|2023-08-01|600.0|Rent charge||August Rent|78|2023-08-13 12:00:00
672|2023-08-01|662.0|Rent charge||August Rent|79|2023-08-13 12:00:00
673|2023-08-01|850.0|Rent charge||August Rent|80|2023-08-13 12:00:00
674|2023-05-01|1452.68|Other (specify)||Beginning balance|1|2023-08-13 12:00:00
675|2023-05-01|1220.0|Other (specify)||Beginning balance|2|2023-08-13 12:00:00
676|2023-05-01|1032.0|Other (specify)||Beginning balance|3|2023-08-13 12:00:00
677|2023-05-01|1243.0|Other (specify)||Beginning balance|4|2023-08-13 12:00:00
678|2023-05-01|1562.0|Other (specify)||Beginning balance|5|2023-08-13 12:00:00
679|2023-05-01|1477.0|Other (specify)||Beginning balance|6|2023-08-13 12:00:00
680|2023-05-01|1825.0|Other (specify)||Beginning balance|7|2023-08-13 12:00:00
681|2023-05-01|1635.0|Other (specify)||Beginning balance|8|2023-08-13 12:00:00
682|2023-05-01|1725.0|Other (specify)||Beginning balance|9|2023-08-13 12:00:00
683|2023-05-01|1960.0|Other (specify)||Beginning balance|10|2023-08-13 12:00:00
684|2023-05-01|1481.0|Other (specify)||Beginning balance|11|2023-08-13 12:00:00
685|2023-05-01|2713.0|Other (specify)||Beginning balance|12|2023-08-13 12:00:00
686|2023-05-01|2920.0|Other (specify)||Beginning balance|13|2023-08-13 12:00:00
687|2023-05-01|2356.0|Other (specify)||Beginning balance|14|2023-08-13 12:00:00
688|2023-05-01|2620.0|Other (specify)||Beginning balance|15|2023-08-13 12:00:00
689|2023-05-01|2737.0|Other (specify)||Beginning balance|16|2023-08-13 12:00:00
690|2023-05-01|2053.0|Other (specify)||Beginning balance|17|2023-08-13 12:00:00
691|2023-05-01|1617.0|Other (specify)||Beginning balance|18|2023-08-13 12:00:00
692|2023-05-01|2621.0|Other (specify)||Beginning balance|19|2023-08-13 12:00:00
693|2023-05-01|3200.0|Other (specify)||Beginning balance|20|2023-08-13 12:00:00
694|2023-05-01|1000.0|Other (specify)||Beginning balance|21|2023-08-13 12:00:00
695|2023-05-01|1292.0|Other (specify)||Beginning balance|22|2023-08-13 12:00:00
696|2023-05-01|987.0|Other (specify)||Beginning balance|23|2023-08-13 12:00:00
697|2023-05-01|1570.0|Other (specify)||Beginning balance|24|2023-08-13 12:00:00
698|2023-05-01|1337.0|Other (specify)||Beginning balance|25|2023-08-13 12:00:00
699|2023-05-01|2256.0|Other (specify)||Beginning balance|26|2023-08-13 12:00:00
700|2023-05-01|1337.0|Other (specify)||Beginning balance|27|2023-08-13 12:00:00
701|2023-05-01|847.0|Other (specify)||Beginning balance|28|2023-08-13 12:00:00
702|2023-05-01|940.0|Other (specify)||Beginning balance|29|2023-08-13 12:00:00
703|2023-05-01|1093.0|Other (specify)||Beginning balance|30|2023-08-13 12:00:00
704|2023-05-01|470.0|Other (specify)||Beginning balance|31|2023-08-13 12:00:00
705|2023-05-01|2827.0|Other (specify)||Beginning balance|32|2023-08-13 12:00:00
706|2023-05-01|1810.0|Other (specify)||Beginning balance|33|2023-08-13 12:00:00
707|2023-05-01|700.0|Other (specify)||Beginning balance|34|2023-08-13 12:00:00
708|2023-05-01|900.0|Other (specify)||Beginning balance|35|2023-08-13 12:00:00
709|2023-05-01|233.0|Other (specify)||Beginning balance|36|2023-08-13 12:00:00
710|2023-05-01|2732.0|Other (specify)||Beginning balance|37|2023-08-13 12:00:00
711|2023-05-01|350.0|Other (specify)||Beginning balance|38|2023-08-13 12:00:00
712|2023-05-01|1800.0|Other (specify)||Beginning balance|39|2023-08-13 12:00:00
713|2023-05-01|695.0|Other (specify)||Beginning balance|40|2023-08-13 12:00:00
714|2023-05-01|-375.5|Other (specify)||Beginning balance|42|2023-08-13 12:00:00
715|2023-05-01|1100.0|Other (specify)||Beginning balance|43|2023-08-13 12:00:00
716|2023-05-01|1400.0|Other (specify)||Beginning balance|46|2023-08-13 12:00:00
717|2023-05-01|-0.31|Other (specify)||Beginning balance|47|2023-08-13 12:00:00
718|2023-05-01|2400.0|Other (specify)||Beginning balance|50|2023-08-13 12:00:00
719|2023-05-01|150.0|Other (specify)||Beginning balance|51|2023-08-13 12:00:00
720|2023-05-01|1600.0|Other (specify)||Beginning balance|52|2023-08-13 12:00:00
721|2023-05-01|2000.0|Other (specify)||Beginning balance|53|2023-08-13 12:00:00
722|2023-05-01|-300.0|Other (specify)||Beginning balance|54|2023-08-13 12:00:00
723|2023-05-01|350.0|Other (specify)||Beginning balance|56|2023-08-13 12:00:00
724|2023-05-01|2700.0|Other (specify)||Beginning balance|57|2023-08-13 12:00:00
725|2023-05-01|700.0|Other (specify)||Beginning balance|58|2023-08-13 12:00:00
726|2023-05-01|2250.0|Other (specify)||Beginning balance|59|2023-08-13 12:00:00
727|2023-05-01|1350.0|Other (specify)||Beginning balance|60|2023-08-13 12:00:00
728|2023-05-01|1750.0|Other (specify)||Beginning balance|61|2023-08-13 12:00:00
729|2023-05-01|-450.0|Other (specify)||Beginning balance|63|2023-08-13 12:00:00
730|2023-05-01|2100.0|Other (specify)||Beginning balance|64|2023-08-13 12:00:00
731|2023-05-01|700.0|Other (specify)||Beginning balance|65|2023-08-13 12:00:00
732|2023-05-01|9800.0|Other (specify)||Beginning balance|66|2023-08-13 12:00:00
733|2023-05-01|1800.0|Other (specify)||Beginning balance|67|2023-08-13 12:00:00
734|2023-05-01|7760.0|Other (specify)||Beginning balance|68|2023-08-13 12:00:00
735|2023-05-01|1800.0|Other (specify)||Beginning balance|69|2023-08-13 12:00:00
736|2023-05-01|4950.0|Other (specify)||Beginning balance|70|2023-08-13 12:00:00
737|2023-05-01|950.0|Other (specify)||Beginning balance|72|2023-08-13 12:00:00
738|2023-05-01|1800.0|Other (specify)||Beginning balance|73|2023-08-13 12:00:00
739|2023-05-01|1800.0|Other (specify)||Beginning balance|74|2023-08-13 12:00:00
740|2023-05-01|8500.0|Other (specify)||Beginning balance|75|2023-08-13 12:00:00
741|2023-05-01|4660.0|Other (specify)||Beginning balance|76|2023-08-13 12:00:00
742|2023-05-01|1350.0|Other (specify)||Beginning balance|77|2023-08-13 12:00:00
743|2023-05-01|1800.0|Other (specify)||Beginning balance|78|2023-08-13 12:00:00
744|2023-05-01|1064.0|Other (specify)||Beginning balance|79|2023-08-13 12:00:00
745|2023-05-01|1700.0|Other (specify)||Beginning balance|80|2023-08-13 12:00:00
